variant,dataset,seed,best_val_acc,best_val_macro_f1,best_epoch,test_acc,test_macro_f1,params,peak_gpu_mem,sec_per_epoch,diag_norm,offdiag_norm,offdiag_diag_ratio,basis_entropy,c_pt_cos,c_pv_cos,pt_pv_cos
V0,Movies,42,54.0792,38.8480,68,53.2834,41.5872,1540472,2289,0.17,2.2167,0.0000,0.0000,,0.0120,-0.0297,0.0203
V0,Movies,43,54.1392,40.4157,69,52.9535,39.7221,1540472,4861,0.23,2.3277,0.0000,0.0000,,0.0369,0.0395,0.0155
V0,Movies,44,55.3989,45.9106,87,53.1034,41.9487,1540472,2231,0.16,2.3846,0.0000,0.0000,,0.0074,-0.0249,-0.0322
V0,Toys,42,79.1496,75.3139,58,78.8596,75.1597,1539958,4879,0.27,3.6884,0.0000,0.0000,,-0.0089,-0.0243,0.0151
V0,Toys,43,78.8355,75.7325,64,78.8838,74.8426,1539958,2473,0.21,3.3956,0.0000,0.0000,,-0.0290,0.0036,0.0090
V0,Toys,44,79.4153,76.7018,72,79.2462,77.1189,1539958,4821,0.25,3.1651,0.0000,0.0000,,0.0112,0.0156,-0.0120
V0,Grocery,42,82.5183,75.4534,107,82.2255,73.9199,1540472,2173,0.17,2.5184,0.0000,0.0000,,0.0017,-0.0204,0.0056
V0,Grocery,43,82.2840,71.8434,70,81.2299,70.7177,1540472,4821,0.23,3.2019,0.0000,0.0000,,0.0290,0.0095,0.0136
V0,Grocery,44,81.7570,70.9709,76,81.2591,72.4129,1540472,4804,0.23,3.4365,0.0000,0.0000,,0.0119,0.0106,-0.0384
V0,ele-fashion,42,87.9820,76.2957,196,87.9714,77.3172,1407344,8718,0.49,2.8040,0.0000,0.0000,,0.0038,0.0105,-0.0386
V0,ele-fashion,43,87.7058,75.2456,157,87.5759,76.3329,1407344,8531,0.50,2.5787,0.0000,0.0000,,0.0035,0.0030,0.0300
V0,ele-fashion,44,87.5115,74.4955,130,87.6850,76.1142,1407344,8718,0.51,2.5512,0.0000,0.0000,,-0.0159,0.0567,-0.0016
V0,Reddit-S,42,95.9736,92.7300,88,96.3196,92.2773,1540472,2830,0.19,3.2184,0.0000,0.0000,,-0.0262,0.0097,0.0110
V0,Reddit-S,43,96.6971,92.9614,91,96.9487,93.7736,1540472,5932,0.24,2.9256,0.0000,0.0000,,0.0071,-0.0063,0.0213
V0,Reddit-S,44,96.3511,92.0620,71,97.0431,93.1457,1540472,6433,0.25,3.4076,0.0000,0.0000,,0.0513,0.0030,-0.0034
V1,Movies,42,54.7990,45.7941,79,52.6537,44.4300,2037368,6582,0.35,2.0017,0.3660,0.2279,,-0.0046,-0.0220,-0.0088
V1,Movies,43,54.1992,39.6937,62,52.5937,40.3581,2037368,6433,0.37,2.1559,0.3702,0.2273,,-0.0052,-0.0108,-0.0217
V1,Movies,44,54.7990,46.1626,86,52.5337,44.2633,2037368,7100,0.40,2.1675,0.3486,0.1830,,0.0054,-0.0405,-0.0002
V1,Toys,42,78.5214,74.6055,57,78.1831,74.8965,2036854,3802,0.30,3.6576,0.8258,0.2510,,0.0246,-0.0064,-0.0026
V1,Toys,43,78.8596,75.0876,61,79.0529,74.5081,2036854,7100,0.41,3.5844,0.7879,0.2569,,0.0134,0.0120,0.0101
V1,Toys,44,79.2704,76.7155,82,78.7871,76.3203,2036854,7011,0.35,3.2945,0.6700,0.2343,,0.0215,-0.0098,-0.0169
V1,Grocery,42,81.6984,74.5219,100,82.5183,72.4949,2037368,6472,0.31,2.8924,0.5557,0.2160,,0.0123,-0.0067,-0.0098
V1,Grocery,43,83.1332,75.0309,147,81.7570,72.9332,2037368,8391,0.38,2.3781,0.4734,0.2166,,-0.0345,0.0021,0.0035
V1,Grocery,44,82.9868,76.3989,141,81.9034,74.4216,2037368,8190,0.30,2.5101,0.4454,0.1868,,0.0129,-0.0120,-0.0250
V1,ele-fashion,42,87.5626,74.7423,143,87.5452,75.9059,1904240,12285,0.84,2.6816,0.3636,0.1468,,-0.0194,-0.0487,0.0351
V1,ele-fashion,43,87.8490,75.6984,199,87.8691,76.8996,1904240,12472,0.84,2.6224,0.3911,0.1554,,-0.0386,0.0241,-0.0343
V1,ele-fashion,44,87.8593,74.8078,186,87.8759,75.9666,1904240,12285,0.83,2.3745,0.3912,0.1743,,0.0007,-0.0260,0.0032
V1,Reddit-S,42,96.0050,92.3814,74,96.3196,92.1994,2037368,9383,0.58,2.9874,0.8374,0.3469,,-0.0633,-0.0163,-0.0130
V1,Reddit-S,43,96.6027,92.4231,76,96.7600,93.4151,2037368,9124,0.58,3.1171,0.8099,0.3208,,0.0126,0.0021,-0.0004
V1,Reddit-S,44,96.3825,92.0174,71,96.7600,92.2454,2037368,9361,0.50,3.3093,0.8674,0.3241,,-0.0371,-0.0035,-0.0198
V2,Movies,42,54.0492,42.7556,65,52.2339,42.1347,1550848,9124,1.00,2.9665,0.2347,0.0929,0.9747,0.0227,-0.0430,0.0262
V2,Movies,43,53.2993,38.3343,64,51.4843,38.8390,1550848,4446,0.59,2.5622,0.1976,0.0891,1.0600,0.0348,-0.0664,-0.0087
V2,Movies,44,53.2693,41.4362,63,52.2339,39.9523,1550848,8500,0.98,2.7776,0.2742,0.1192,1.0185,0.0187,0.0392,-0.0305
V2,Toys,42,78.7147,75.4364,61,77.8691,74.2496,1550334,6393,0.51,3.9618,0.5610,0.1525,0.7154,-0.0134,-0.0122,0.0161
V2,Toys,43,78.3281,75.5419,65,78.8355,75.4008,1550334,7856,0.77,3.9390,0.5310,0.1408,0.8436,0.0118,-0.0162,0.0253
V2,Toys,44,78.4972,74.3639,54,78.1107,75.1701,1550334,7397,0.53,3.8340,0.5001,0.1367,0.7460,0.0039,0.0250,0.0200
V2,Grocery,42,82.1376,75.3708,156,82.0791,73.8533,1550848,7884,0.89,2.9006,1.2732,0.4513,0.7140,-0.0529,-0.0224,0.0008
V2,Grocery,43,83.2797,74.3616,175,82.2255,72.7766,1550848,4118,0.54,3.1333,1.5512,0.5004,0.7433,0.0802,0.0018,0.0143
V2,Grocery,44,83.0747,74.6020,103,82.0791,74.1657,1550848,7844,0.95,3.3720,0.6796,0.2024,0.7979,-0.0200,-0.0065,0.0034
V2,ele-fashion,42,87.6342,74.2436,159,87.7395,76.0265,1417720,11180,1.51,3.6925,1.5556,0.4790,0.6452,0.0121,0.0138,0.0093
V2,ele-fashion,43,87.9615,77.2508,210,88.0089,77.7385,1417720,10993,1.46,3.2273,1.1102,0.4108,0.7915,0.0034,-0.0218,0.0206
V2,ele-fashion,44,87.8899,76.6062,192,87.7156,77.0145,1417720,11180,1.50,3.4525,0.4296,0.1337,0.9409,-0.0199,0.0162,-0.0021
V2,Reddit-S,42,95.8477,92.3017,113,96.2567,92.4209,1550848,10805,1.62,4.0559,2.1583,0.6230,0.6220,0.0225,-0.0058,0.0077
V2,Reddit-S,43,96.5398,92.4989,73,96.5083,92.9837,1550848,5317,0.93,3.6943,1.2829,0.4189,0.6587,-0.0227,-0.0483,0.0217
V2,Reddit-S,44,96.1309,91.5510,88,96.7285,92.5173,1550848,10805,1.77,3.5808,1.9284,0.6792,0.4603,0.0353,0.0585,0.0289
V3,Movies,42,54.3491,43.0918,88,53.0135,42.7845,1948672,4781,0.61,2.6463,0.1220,0.0574,1.0235,-0.0280,0.0181,-0.0032
V3,Movies,43,55.4289,40.4862,84,52.9535,40.7266,1948672,8775,0.98,2.3005,0.1242,0.0617,1.1769,0.0055,0.0076,0.0255
V3,Movies,44,54.4991,44.8385,69,53.2234,44.2000,1948672,4781,0.62,2.3931,0.1424,0.0741,0.8711,-0.0318,-0.0241,-0.0138
V3,Toys,42,79.2704,75.4708,73,78.1831,74.6023,1948158,8775,0.93,3.6296,0.3396,0.1038,0.7721,0.0024,0.0170,-0.0226
V3,Toys,43,79.1737,75.8960,74,79.2704,75.5709,1948158,3819,0.50,3.4258,0.3671,0.1290,0.8743,-0.0016,-0.0026,-0.0103
V3,Toys,44,79.0529,75.8680,63,78.4247,75.7267,1948158,8769,0.86,3.5130,0.2593,0.0829,0.8457,-0.0286,-0.0036,0.0302
V3,Grocery,42,81.9327,74.9627,98,83.0454,74.3884,1948672,4163,0.55,2.7944,0.5400,0.2081,0.6638,-0.0029,0.0010,-0.0269
V3,Grocery,43,83.1332,72.3245,91,81.5227,72.0355,1948672,9849,0.90,2.8240,0.5154,0.2098,0.5208,-0.0115,-0.0192,-0.0335
V3,Grocery,44,82.5183,74.5151,119,82.2840,74.8981,1948672,9662,0.75,2.7090,0.7216,0.3002,0.6487,0.0090,-0.0148,0.0046
V3,ele-fashion,42,87.7979,74.9138,201,87.8588,76.4450,1815544,12611,1.51,2.5766,0.2461,0.1020,0.8093,0.0224,-0.0113,0.0175
V3,ele-fashion,43,87.6240,75.8517,187,87.9100,77.1708,1815544,12798,1.56,2.5826,0.3219,0.1345,0.8168,-0.0424,0.0361,-0.0414
V3,ele-fashion,44,87.6547,73.8528,153,87.6168,74.6738,1815544,12611,1.52,2.8243,0.1656,0.0616,1.0964,0.0105,0.0223,0.0006
V3,Reddit-S,42,96.3196,93.1965,86,96.5398,92.8230,1948672,11191,1.23,3.0886,0.5694,0.2382,0.7082,-0.0325,0.0184,-0.0228
V3,Reddit-S,43,96.6027,92.6491,77,96.8544,93.4341,1948672,10032,1.40,3.3129,0.3167,0.1201,0.8024,-0.0200,-0.0191,-0.0015
V3,Reddit-S,44,96.4769,92.2236,68,96.8544,93.0020,1948672,11191,1.32,3.3406,0.4017,0.1536,0.8084,0.0546,-0.0341,-0.0041
V4,Movies,42,53.7193,44.2214,89,53.5532,43.8183,2022912,10026,0.79,2.1183,0.2265,0.1266,0.7557,-0.0221,-0.0474,-0.0053
V4,Movies,43,54.1692,38.8731,70,53.7931,40.8335,2022912,10213,1.04,2.2057,0.1757,0.1039,0.8076,0.0038,-0.0199,-0.0220
V4,Movies,44,54.8590,42.7398,67,53.3433,42.1403,2022912,4533,0.62,2.3321,0.1686,0.0881,1.0073,-0.0406,0.0217,-0.0151
V4,Toys,42,79.5844,76.9489,86,78.4489,75.6376,2022398,8603,0.88,3.2407,0.6654,0.2317,0.4907,0.0010,0.0063,-0.0128
V4,Toys,43,79.4878,76.4950,59,78.9321,75.2118,2022398,4533,0.53,3.8738,0.3769,0.1128,0.4886,-0.0283,-0.0207,0.0158
V4,Toys,44,79.7777,77.0773,79,78.1831,75.1904,2022398,8309,0.87,3.2776,0.5913,0.2011,0.7047,-0.0009,0.0057,0.0049
V4,Grocery,42,81.8448,74.1876,101,82.5769,73.1220,2022912,8448,0.69,3.2789,0.7209,0.2427,0.6519,0.0026,-0.0151,-0.0336
V4,Grocery,43,83.0161,75.0645,150,81.9912,73.6407,2022912,10553,0.84,2.7417,1.4446,0.5590,0.4964,-0.0232,0.0257,-0.0035
V4,Grocery,44,81.8448,71.8816,92,81.9912,73.4456,2022912,8448,0.70,3.0272,0.8834,0.3594,0.4644,0.0130,-0.0173,0.0061
V4,ele-fashion,42,87.6649,76.0038,198,87.8077,77.1337,1889784,12596,1.63,2.7097,0.8482,0.3389,0.5166,-0.0136,-0.0077,-0.0327
V4,ele-fashion,43,87.7979,75.6074,182,87.8145,76.1813,1889784,12409,1.58,2.6789,0.5976,0.2384,0.4542,-0.0324,0.0051,-0.0025
V4,ele-fashion,44,87.5013,74.3694,170,87.7327,76.0709,1889784,12596,1.63,2.5088,0.8220,0.3484,0.2605,-0.0591,0.0201,-0.0230
V4,Reddit-S,42,96.0050,91.9604,59,96.2252,91.8459,2022912,12289,1.77,3.2499,0.8966,0.3181,0.4614,-0.0625,-0.0168,-0.0156
V4,Reddit-S,43,96.4454,91.4209,52,96.5083,92.6719,2022912,6061,0.97,3.2401,0.4893,0.1859,0.3169,-0.0048,0.0091,0.0045
V4,Reddit-S,44,96.3825,92.3142,60,96.8858,92.3280,2022912,12403,1.79,3.4282,0.7736,0.3120,0.4621,-0.0100,0.0113,-0.0015
V5,Movies,42,54.1992,41.1336,75,53.0135,41.2782,2170752,4537,0.62,2.8406,0.3755,0.1865,0.6687,0.0151,-0.0092,0.0176
V5,Movies,43,54.4091,39.9956,74,52.9235,39.5643,2170752,10773,1.08,3.0580,0.2137,0.0812,0.6842,0.0012,0.0253,0.0210
V5,Movies,44,53.8392,39.9212,80,53.0735,39.5082,2170752,4537,0.62,2.7784,0.1898,0.0807,0.9045,-0.0059,-0.0174,0.0016
V5,Toys,42,79.0287,75.4787,83,78.4006,74.8583,2170238,9035,0.89,4.3299,0.4114,0.1084,0.6486,-0.0017,0.0106,-0.0237
V5,Toys,43,78.6422,75.5757,69,78.8113,74.9078,2170238,4329,0.53,3.8151,0.3808,0.1115,0.6103,0.0401,-0.0191,-0.0092
V5,Toys,44,78.8838,75.6172,82,77.9899,75.0409,2170238,8827,0.89,3.9555,0.4491,0.1394,0.6577,0.0175,0.0281,-0.0046
V5,Grocery,42,82.4597,75.7880,102,81.2299,70.9123,2170752,8454,0.69,3.5038,1.1281,0.3520,0.3398,-0.0088,-0.0303,-0.0006
V5,Grocery,43,82.5476,71.6334,101,80.7028,71.1870,2170752,10769,0.81,3.3854,1.3230,0.4662,0.4621,-0.0361,-0.0064,-0.0010
V5,Grocery,44,82.2548,74.3326,116,82.3133,75.0722,2170752,10582,0.88,3.1905,1.5716,0.5729,0.5185,-0.0061,0.0039,-0.0014
V5,ele-fashion,42,87.7365,75.9394,201,87.9168,77.3771,2037624,14131,1.61,3.6137,0.6883,0.2082,0.4621,-0.0054,-0.0258,-0.0059
V5,ele-fashion,43,87.5217,74.8928,146,87.5315,75.6154,2037624,14319,1.66,3.1261,0.9602,0.3688,0.3843,0.0470,0.0201,-0.0215
V5,ele-fashion,44,87.6342,75.3122,182,87.6372,75.9084,2037624,14131,1.61,2.4246,0.7233,0.3276,0.6054,-0.0014,-0.0148,0.0367
V5,Reddit-S,42,95.9736,92.4403,141,96.2567,92.3687,2170752,12881,1.45,3.4894,1.8808,0.6202,0.2757,-0.0519,-0.0197,0.0175
V5,Reddit-S,43,96.4140,91.9151,59,96.3825,92.7568,2170752,10582,1.30,3.8811,0.4987,0.1512,0.3914,0.0231,-0.0251,0.0008
V5,Reddit-S,44,96.2567,91.8447,80,96.6027,92.4315,2170752,12881,1.81,3.6743,1.4191,0.5342,0.4017,0.0170,-0.0340,-0.0353
V6,Movies,42,53.9892,39.6124,81,52.5337,40.7693,2201848,4541,0.54,2.6761,0.5718,0.3052,,-0.0193,0.0216,-0.0019
V6,Movies,43,54.1392,38.2358,71,52.2939,38.5545,2201848,11073,0.86,2.7129,0.5660,0.2754,,0.0058,-0.0325,0.0141
V6,Movies,44,53.8092,42.0283,72,52.3238,39.5798,2201848,4541,0.55,2.7280,0.5209,0.2511,,0.0456,-0.0174,0.0123
V6,Toys,42,79.2704,75.9452,82,78.1590,74.7312,2201334,8837,0.73,3.9924,1.3343,0.3933,,-0.0207,-0.0070,-0.0231
V6,Toys,43,78.4731,75.1508,71,79.3428,75.3336,2201334,4121,0.46,3.9566,1.3677,0.4170,,0.0239,0.0008,0.0084
V6,Toys,44,79.0046,75.9110,59,78.3523,75.1453,2201334,8489,0.71,3.8571,1.2485,0.3520,,-0.0007,-0.0067,-0.0171
V6,Grocery,42,82.0205,73.6197,105,82.7526,72.6439,2201848,8378,0.56,4.0395,1.7431,0.4762,,-0.0081,0.0139,-0.0094
V6,Grocery,43,81.7570,71.0364,123,80.8199,70.7288,2201848,10271,0.71,3.3599,2.6461,0.9294,,-0.0327,-0.0338,-0.0028
V6,Grocery,44,82.2255,74.0449,153,80.7321,72.4270,2201848,9996,0.58,2.9086,3.2888,1.2971,,0.0039,0.0007,-0.0203
V6,ele-fashion,42,87.8388,76.3515,229,87.6577,76.9322,2068720,14223,1.44,2.8318,1.3782,0.5473,,0.0263,-0.0009,0.0029
V6,ele-fashion,43,87.8490,75.0862,185,87.7941,75.9365,2068720,14035,1.41,2.5294,1.6645,0.7174,,0.0148,0.0249,-0.0235
V6,ele-fashion,44,87.7365,76.2437,210,87.7020,76.9041,2068720,14222,1.44,3.3413,1.0169,0.3512,,-0.0244,-0.0256,0.0101
V6,Reddit-S,42,95.6905,91.1989,55,96.0994,90.9845,2201848,11785,1.20,3.2665,1.2723,0.4756,,-0.0292,0.0015,0.0006
V6,Reddit-S,43,96.6342,92.8446,70,96.5398,92.9164,2201848,10076,0.87,3.5802,2.3356,0.9295,,0.0072,0.0070,0.0200
V6,Reddit-S,44,96.4140,92.7465,110,96.7914,92.6048,2201848,11785,0.87,3.8083,2.8637,0.9309,,-0.0246,-0.0172,-0.0209
